# map file
# Format: waterfowl, virus, longitude, latitude
# An influenza variant: "mutated while in the waterfowl creating a new variant that is capable from jumping from waterfowl to seals".  
# http://www.healthmap.org/site/diseasedaily/article/baby-seals-die-new-influenza-variant-not-bird-flu-8112
Long-Tailed Duck,H3N8,44.2814,-68.6543
Blue-Winged Teal,H3N8,41.461,-82.9974
Green-Winged Teal,H3N8,41.461,-82.9974
Green-Winged Teal,H3N8,41.461,-82.9974
Blue-Winged Teal,H3N8,43.038533,-93.418116
Blue-Winged Teal,H3N8,43.038533,-93.418116
Blue-Winged Teal,H3N8,43.038533,-93.418116
Mallard,H3N8,43.726399,-89.207103
Wood Duck,H3N8,41.43445,-82.962238
Green-Winged Teal,H3N8,43.5497141,-88.655938
Blue-Winged Teal,H3N8,41.43445,-82.962238
Green-Winged Teal,H3N8,41.461,-82.9974
Green-Winged Teal,H3N8,41.461,-82.9974
Blue-Winged Teal,H3N8,43.038533,-93.418116
Gadwall,H3N8,43.361525,-91.223378
Mallard,H3N8,45.794683,-92.681968
Wood Duck,H3N8,45.794683,-92.681968
Mallard,H3N8,43.5497,-88.6559
Mallard,H3N8,43.5497,-88.6559
Ruddy Duck,H3N8,43.72828,-89.26342
Blue-Winged Teal,H3N8,36.722,-90.1136
Mallard,H3N8,39.8492,-86.0242
Blue-Winged Teal,H3N8,43.038533,-93.418116
Mallard,H3N8,43.038533,-93.418116
Mallard,H3N8,41.6257,-83.2137
Redhead,H3N8,41.461,-82.9974
Green-Winged Teal,H3N8,40.3,-90.061
Mallard,H3N8,38.6189,-89.3534
Mallard,H3N8,41.4345,-82.9622
Mallard,H3N8,42.0167,-90.1235
Long-Tailed Duck,H3N8,44.146,-87.5654
Mallard,H3N8,43.5497,-88.6559
Ruddy Duck,H3N8,40.0711474,-87.7144679
Green-Winged Teal,H3N8,33.224855,-90.983825
Mallard,H3N8,33.224855,-90.983825
Mallard,H3N8,33.224855,-90.983825
Mallard,H3N8,33.224855,-90.983825
Mallard,H3N8,33.224855,-90.983825
Mallard,H3N8,40.0711,-87.7145
Mallard,H3N8,43.5497141,-88.655938
Common Teal,H3N8,43.5497141,-88.655938
Green-Winged Teal,H3N8,43.5497141,-88.655938
Ruddy Turnstone,H3N8,39.21825,-74.96042
Shorebird,H3N8,39.10889,-74.89444
Shorebird,H3N8,39.10889,-74.89444
Shorebird,H3N8,39.10889,-74.89444
Shorebird,H3N8,39.10889,-74.89444
Shorebird,H3N8,39.1875,-74.95056
Shorebird,H3N8,39.11833,-74.89105
Shorebird,H3N8,39.11833,-74.89105
Shorebird,H3N8,39.11833,-74.89105
Shorebird,H3N8,39.11833,-74.89105
Ruddy Turnstone,H3N8,39.11833,-74.89105
Ruddy Turnstone,H3N8,39.11833,-74.89105
Sanderling,H3N8,39.0181,-74.9473
Shorebird,H3N8,39.10889,-74.89444
Shorebird,H3N8,39.10889,-74.89444
Shorebird,H3N8,39.10889,-74.89444
Shorebird,H3N8,39.10889,-74.89444
Shorebird,H3N8,39.00452,-75.00385
Shorebird,H3N8,39.29447,-75.16457
Shorebird,H3N8,39.05,-74.928
Shorebird,H3N8,39.05,-74.928
Shorebird,H3N8,39.05,-74.928
Ruddy Turnstone,H3N8,39.11833,-74.89105
Ruddy Turnstone,H3N8,39.11833,-74.89105
Ruddy Turnstone,H3N8,39.11833,-74.89105
Ruddy Turnstone,H3N8,39.11833,-74.89105
Ruddy Turnstone,H3N8,39.11833,-74.89105
Shorebird,H3N8,39.11833,-74.89105
Shorebird,H3N8,39.11833,-74.89105
Red Knot,H3N8,39.11833,-74.89105
Red Knot,H3N8,39.11833,-74.89105
Shorebird,H3N8,39.11833,-74.89105
Shorebird,H3N8,39.11833,-74.89105
Shorebird,H3N8,39.047,-74.92
Ruddy Turnstone,H3N8,39.11833,-74.89105
Ruddy Turnstone,H3N8,39.11833,-74.89105
Ruddy Turnstone,H3N8,39.11833,-74.89105
Ruddy Turnstone,H3N8,39.11833,-74.89105
Ruddy Turnstone,H3N8,39.11833,-74.89105
Mallard,H3N8,64.93499,-148.81372
Mallard,H3N8,64.90542,-148.85421
Mallard,H3N8,64.89604,-148.84413
Shoveler,H3N8,64.93649,-148.80578
Pintail,H3N8,64.92657,-148.81829
Shoveler,H3N8,64.88543,-148.76081
Green-Winged Teal,H3N8,64.90542,-148.85421
Mallard,H3N8,64.93649,-148.80578
Mallard,H3N8,64.88543,-148.76081
Pintail,H3N8,64.85993,-148.82089
Pintail,H3N8,64.909,-148.85644
Pintail,H3N8,64.91926,-148.80902
Pintail,H3N8,64.91893,-148.80943
Pintail,H3N8,64.93807,-148.80484
Pintail,H3N8,64.93807,-148.80484
Pintail,H3N8,64.91893,-148.80943
Pintail,H3N8,64.91893,-148.80943
Pintail,H3N8,64.93795,-148.80226
Pintail,H3N8,64.909,-148.85644
Mallard,H3N8,64.92196,-148.7722
Pintail,H3N8,64.909,-148.85644
Pintail,H3N8,64.93807,-148.80484
Pintail,H3N8,64.93807,-148.80484
Pintail,H3N8,64.91893,-148.80943
Green-Winged Teal,H3N8,64.95459,-148.78583
Pintail,H3N8,64.95459,-148.78583
Green-Winged Teal,H3N8,64.95459,-148.78583
Pintail,H3N8,64.91926,-148.80902
Pintail,H3N8,64.91926,-148.80902
Pintail,H3N8,64.89986,-148.83792
Green-Winged Teal,H3N8,64.93649,-148.80578
Mallard,H3N8,64.90542,-148.85421
Mallard,H3N8,64.86181,-148.86778
Mallard,H3N8,64.90807,-148.86853
Mallard,H3N8,64.8986,-148.76184
Green-Winged Teal,H3N8,64.87968,-148.86122
American Wigeon,H3N8,64.89419,-148.72708
Shoveler,H3N8,64.89838,-148.86886
Shoveler,H3N8,64.89838,-148.86886
Shoveler,H3N8,64.90741,-148.88404
Shoveler,H3N8,64.90741,-148.88404
Ring-Necked Duck,H3N8,64.90741,-148.88404
Mallard,H3N8,64.90301,-148.83168
Mallard,H3N8,64.90508,-148.79539
Mallard,H3N8,64.90912,-148.75071
Mallard,H3N8,64.90912,-148.75071
Pintail,H3N8,64.93499,-148.81372
Mallard,H3N8,64.92657,-148.81829
Mallard,H3N8,64.92657,-148.81829
Pintail,H3N8,64.93499,-148.81372
Pintail,H3N8,64.92091,-148.84015
Pintail,H3N8,64.92091,-148.84015
Mallard,H3N8,64.89986,-148.83792
Mallard,H3N8,64.89207,-148.79384
Pintail,H3N8,64.90865,-148.80215
Green-Winged Teal,H3N8,64.90481,-148.87319
Shoveler,H3N8,64.90481,-148.87319
Mallard,H3N8,64.90723,-148.83553
Mallard,H3N8,64.90723,-148.83553
Mallard,H3N8,64.89896,-148.81513
Mallard,H3N8,64.92657,-148.81829
Mallard,H3N8,64.92657,-148.81829
Mallard,H3N8,64.92657,-148.81829
Mallard,H3N8,64.92657,-148.81829
Mallard,H3N8,64.92657,-148.81829
Mallard,H3N8,64.92657,-148.81829
Mallard,H3N8,64.92657,-148.81829
Pintail,H3N8,64.89604,-148.84413
Mallard,H3N8,64.89807,-148.76663
Mallard,H3N8,64.89807,-148.76663
Mallard,H3N8,64.89986,-148.83792
Pintail,H3N8,64.92091,-148.84015
Mallard,H3N8,64.89986,-148.83792
Pintail,H3N8,64.93795,-148.80226
Mallard,H3N8,64.92091,-148.84015
Pintail,H3N8,64.92091,-148.84015
Mallard,H3N8,64.92657,-148.81829
Mallard,H3N8,64.89604,-148.84413
Mallard,H3N8,64.93499,-148.81372
Mallard,H3N8,64.93499,-148.81372
Pintail,H3N8,64.89604,-148.84413
Green-Winged Teal,H3N8,64.98129,-149.6911
Mallard,H3N8,64.98129,-149.6911
Green-Winged Teal,H3N8,64.98129,-149.6911
Mallard,H3N8,65.00944,-149.54833
Green-Winged Teal,H3N8,64.95459,-148.78583
Green-Winged Teal,H3N8,64.95459,-148.78583
Green-Winged Teal,H3N8,64.95459,-148.78583
Green-Winged Teal,H3N8,64.95459,-148.78583
Pintail,H3N8,64.92657,-148.81829
Pintail,H3N8,64.93499,-148.81372
Pintail,H3N8,64.92657,-148.81829
Pintail,H3N8,64.92657,-148.81829
Mallard,H3N8,64.92657,-148.81829
Mallard,H3N8,64.92657,-148.81829
Mallard,H3N8,64.92657,-148.81829
Pintail,H3N8,64.98129,-149.6911
Pintail,H3N8,64.873,-148.842
Shoveler,H3N8,64.882917,-146.769703
Shoveler,H3N8,64.98129,-149.6911
Mallard,H3N8,64.98129,-149.6911
Shoveler,H3N8,64.98129,-149.6911
Shoveler,H3N8,64.98129,-149.6911
Mallard,H3N8,64.98129,-149.6911
Mallard,H3N8,64.98129,-149.6911
Mallard,H3N8,64.924,-148.817
Shoveler,H3N8,64.98129,-149.6911
Pintail,H3N8,64.98129,-149.6911
Pintail,H3N8,64.914,-148.809
Pintail,H3N8,64.878,-148.824
Mallard,H3N8,64.924,-148.817
Green-Winged Teal,H3N8,64.903,-148.816
Shoveler,H3N8,64.98129,-149.6911
Mallard,H3N8,64.98129,-149.6911
Mallard,H3N8,64.98129,-149.6911
Mallard,H3N8,64.98129,-149.6911
Shoveler,H3N8,64.98129,-149.6911
American Wigeon,H3N8,64.98129,-149.6911
Green-Winged Teal,H3N8,64.98129,-149.6911
Shoveler,H3N8,64.98129,-149.6911
American Wigeon,H3N8,64.98129,-149.6911
Mallard,H3N8,64.98129,-149.6911
Pintail,H3N8,39.406322,-122.173666
Mallard,H3N8,38.6481,-121.667
Mallard,H3N8,38.6481,-121.667
Mallard,H3N8,38.172691,-122.07515
Mallard,H3N8,38.0238,-121.5405
Mallard,H3N8,38.1307,-121.9814
Mallard,H3N8,38.1307,-121.9814
Mallard,H3N8,38.1307,-121.9814
Mallard,H3N8,38.1307,-121.9814
Mallard,H3N8,38.1307,-121.9814
Mallard,H3N8,38.1307,-121.9814
Mallard,H3N8,38.1307,-121.9814
Mallard,H3N8,38.1307,-121.9814
Mallard,H3N8,38.1307,-121.9814
Mallard,H3N8,38.1307,-121.9814
Mallard,H3N8,38.1307,-121.9814
Mallard,H3N8,38.1307,-121.9814
Mallard,H3N8,38.1307,-121.9814
Mallard,H3N8,38.1307,-121.9814
Pintail,H3N8,48.398342,-95.996197
Mallard,H3N8,48.398342,-95.996197
Mallard,H3N8,48.398342,-95.996197
Mallard,H3N8,48.4556,-95.953547
Mallard,H3N8,48.92438,-96.20704
Mallard,H3N8,48.92438,-96.20704
Mallard,H3N8,48.499281,-95.926203
Mallard,H3N8,48.499281,-95.926203
Mallard,H3N8,48.499281,-95.926203
Mallard,H3N8,48.92438,-96.20704
Mallard,H3N8,48.4556,-95.953547
Mallard,H3N8,48.4556,-95.953547
Blue-Winged Teal,H3N8,48.4556,-95.953547
Green-Winged Teal,H3N8,48.4556,-95.953547
Mallard,H3N8,48.499281,-95.926203
Mallard,H3N8,48.499281,-95.926203
Mallard,H3N8,48.499281,-95.926203
Mallard,H3N8,48.499281,-95.926203
Mallard,H3N8,48.499281,-95.926203
Mallard,H3N8,48.398342,-95.996197
Mallard,H3N8,48.398342,-95.996197
Mallard,H3N8,48.332253,-96.015942
Blue-Winged Teal,H3N8,47.59317,-101.16843
Blue-Winged Teal,H3N8,47.59317,-101.16843
Mallard,H3N8,48.92438,-96.20704
Mallard,H3N8,48.92438,-96.20704
Mallard,H3N8,48.398342,-95.996197
Mallard,H3N8,48.398342,-95.996197
Mallard,H3N8,48.398342,-95.996197
Blue-Winged Teal,H3N8,47.59317,-101.16843
Blue-Winged Teal,H3N8,47.59317,-101.16843
Mallard,H3N8,48.9583159,-96.1002826
Mallard,H3N8,48.9583159,-96.1002826
Mallard,H3N8,48.9583159,-96.1002826
Mallard,H3N8,48.9583159,-96.1002826
Mallard,H3N8,48.9583159,-96.1002826
Mallard,H3N8,48.9583159,-96.1002826
Mallard,H3N8,48.92438,-96.20704
Shoveler,H3N8,48.92438,-96.20704
Shoveler,H3N8,48.92438,-96.20704
Shoveler,H3N8,48.92438,-96.20704
Shoveler,H3N8,48.92438,-96.20704
Shoveler,H3N8,48.92438,-96.20704
Mallard,H3N8,48.92438,-96.20704
Mallard,H3N8,48.92438,-96.20704
Mallard,H3N8,48.92438,-96.20704
Mallard,H3N8,48.92438,-96.20704
Mallard,H3N8,48.92438,-96.20704
Mallard,H3N8,48.92438,-96.20704
Mallard,H3N8,48.92438,-96.20704
Mallard,H3N8,48.92438,-96.20704
Mallard,H3N8,48.92438,-96.20704
Mallard,H3N8,48.92438,-96.20704
Mallard,H3N8,48.92438,-96.20704
Mallard,H3N8,48.92438,-96.20704
Mallard,H3N8,48.92438,-96.20704
Blue-Winged Teal,H3N8,29.977355,-93.342841
Mallard,H3N8,48.294592,-96.030433
Mallard,H3N8,48.294592,-96.030433
Mallard,H3N8,48.294592,-96.030433
Blue-Winged Teal,H3N8,29.590067,-94.587819
Blue-Winged Teal,H3N8,29.590067,-94.587819
Blue-Winged Teal,H3N8,29.590067,-94.587819
Blue-Winged Teal,H3N8,29.590067,-94.587819
Mallard,H3N8,48.48333,-95.88333
Mallard,H3N8,48.48333,-95.88333
Mallard,H3N8,48.37031,-95.91084
Mallard,H3N8,48.37031,-95.91084
Mallard,H3N8,48.37031,-95.91084
Mallard,H3N8,48.37031,-95.91084
Mallard,H3N8,48.37031,-95.91084
Mallard,H3N8,48.37031,-95.91084
Mallard,H3N8,48.37031,-95.91084
Mallard,H3N8,48.37031,-95.91084
Mallard,H3N8,48.37031,-95.91084
Mallard,H3N8,48.294592,-96.030433
Mallard,H3N8,48.294592,-96.030433
Mallard,H3N8,48.294592,-96.030433
Mallard,H3N8,48.294592,-96.030433
Mallard,H3N8,48.294592,-96.030433
Mallard,H3N8,48.294592,-96.030433
Mallard,H3N8,48.294592,-96.030433
Mallard,H3N8,48.499281,-95.926203
Mallard,H3N8,48.499281,-95.926203
Mallard,H3N8,48.294592,-96.030433
Mallard,H3N8,48.294592,-96.030433
Mallard,H3N8,48.37031,-95.91084
Mallard,H3N8,48.37031,-95.91084
Mallard,H3N8,48.37031,-95.91084
Mallard,H3N8,48.499281,-95.926203
Mallard,H3N8,48.499281,-95.926203
Mallard,H3N8,48.499281,-95.926203
Mallard,H3N8,48.499281,-95.926203
Mallard,H3N8,39.982078,-74.752519
Mallard,H3N8,39.982078,-74.752519
Pintail,H3N8,48.298022,-96.029789
Green-Winged Teal,H3N8,48.4556,-95.953547
Mallard,H3N8,48.298022,-96.029789
Mallard,H3N8,48.37031,-95.91084
Mallard,H3N8,48.37031,-95.91084
Mallard,H3N8,48.37031,-95.91084
Mallard,H3N8,48.37031,-95.91084
Mallard,H3N8,48.37031,-95.91084
Mallard,H3N8,48.37031,-95.91084
Mallard,H3N8,48.37031,-95.91084
Mallard,H3N8,48.37031,-95.91084
Mallard,H3N8,48.37031,-95.91084
Mallard,H3N8,48.37031,-95.91084
Mallard,H3N8,48.4556,-95.953547
Mallard,H3N8,48.4556,-95.953547
Mallard,H3N8,48.4556,-95.953547
Green-Winged Teal,H3N8,48.398342,-95.996197
Green-Winged Teal,H3N8,48.398342,-95.996197
Mallard,H3N8,48.499281,-95.926203
Mallard,H3N8,48.499281,-95.926203
Blue-Winged Teal,H3N8,48.4556,-95.95355
Blue-Winged Teal,H3N8,48.4556,-95.95355
Blue-Winged Teal,H3N8,48.4556,-95.95355
Mallard,H3N8,48.92438,-96.20704
Mallard,H3N8,48.48333,-95.88333
Mallard,H3N8,48.48333,-95.88333
Mallard,H3N8,48.48333,-95.88333
Mallard,H3N8,48.48333,-95.88333
Mallard,H3N8,48.48333,-95.88333
Mallard,H3N8,48.48333,-95.88333
Blue-Winged Teal,H3N8,29.77322,-94.68812
Blue-Winged Teal,H3N8,29.6925,-94.62889
Blue-Winged Teal,H3N8,29.6925,-94.62889
Blue-Winged Teal,H3N8,29.6925,-94.62889
Blue-Winged Teal,H3N8,29.77322,-94.68812
Blue-Winged Teal,H3N8,29.77322,-94.68812
Blue-Winged Teal,H3N8,29.77322,-94.68812
Blue-Winged Teal,H3N8,29.77322,-94.68812
Blue-Winged Teal,H3N8,29.77322,-94.68812
Blue-Winged Teal,H3N8,29.77322,-94.68812
Blue-Winged Teal,H3N8,29.77322,-94.68812
Blue-Winged Teal,H3N8,29.6925,-94.62889
Blue-Winged Teal,H3N8,29.77322,-94.68812
Blue-Winged Teal,H3N8,29.77322,-94.68812
Blue-Winged Teal,H3N8,29.77322,-94.68812
Blue-Winged Teal,H3N8,29.77322,-94.68812
Blue-Winged Teal,H3N8,29.77322,-94.68812
Blue-Winged Teal,H3N8,29.77322,-94.68812
Blue-Winged Teal,H3N8,29.77322,-94.68812
Blue-Winged Teal,H3N8,29.6925,-94.62889
Blue-Winged Teal,H3N8,29.6925,-94.62889
Blue-Winged Teal,H3N8,48.48333,-95.88333
Blue-Winged Teal,H3N8,29.77322,-94.68812
Blue-Winged Teal,H3N8,29.77322,-94.68812
Blue-Winged Teal,H3N8,29.77322,-94.68812
Green-Winged Teal,H3N8,29.77322,-94.68812
Blue-Winged Teal,H3N8,29.77322,-94.68812
Blue-Winged Teal,H3N8,29.77322,-94.68812
Blue-Winged Teal,H3N8,29.77322,-94.68812
Blue-Winged Teal,H3N8,29.77322,-94.68812
Blue-Winged Teal,H3N8,29.77322,-94.68812
Blue-Winged Teal,H3N8,29.77322,-94.68812
Blue-Winged Teal,H3N8,29.59007,-94.58782
Blue-Winged Teal,H3N8,29.59007,-94.58782
Blue-Winged Teal,H3N8,29.6925,-94.62889
Blue-Winged Teal,H3N8,29.59007,-94.58782
Blue-Winged Teal,H3N8,29.6925,-94.62889
Green-Winged Teal,H3N8,29.6925,-94.62889
Blue-Winged Teal,H3N8,29.6925,-94.62889
Mallard,H3N8,48.48333,-95.88333
Mallard,H3N8,48.48333,-95.88333
Mallard,H3N8,48.48333,-95.88333
Mallard,H3N8,48.48333,-95.88333
Mallard,H3N8,48.48333,-95.88333
Mallard,H3N8,48.48333,-95.88333
Mallard,H3N8,48.48333,-95.88333
Mallard,H3N8,48.92438,-96.20704
Mallard,H3N8,48.92438,-96.20704
Mallard,H3N8,48.92438,-96.20704
Blue-Winged Teal,H3N8,29.77322,-94.68812
Blue-Winged Teal,H3N8,29.77322,-94.68812
Blue-Winged Teal,H3N8,29.77322,-94.68812
Blue-Winged Teal,H3N8,29.77322,-94.68812
Mallard,H3N8,48.95568,-96.20973
Mallard,H3N8,48.95568,-96.20973
Mallard,H3N8,48.95568,-96.20973
Mallard,H3N8,48.95568,-96.20973
Mallard,H3N8,48.95568,-96.20973
Mallard,H3N8,48.95568,-96.20973
Mallard,H3N8,48.95568,-96.20973
Green-Winged Teal,H3N8,48.95568,-96.20973
American Wigeon,H3N8,48.95568,-96.20973
Mallard,H3N8,48.48333,-95.88333
Mallard,H3N8,48.48333,-95.88333
Mallard,H3N8,48.39834,-95.9962
Mallard,H3N8,48.48333,-95.88333
Mallard,H3N8,48.48333,-95.88333
Mallard,H3N8,48.48333,-95.88333
Blue-Winged Teal,H3N8,48.48333,-95.88333
Mallard,H3N8,48.48333,-95.88333
Mallard,H3N8,48.48333,-95.88333
Mallard,H3N8,48.48333,-95.88333
Mallard,H3N8,48.48333,-95.88333
Mallard,H3N8,48.48333,-95.88333
Ring-Necked Duck,H3N8,48.48333,-95.88333
Blue-Winged Teal,H3N8,48.27028,-96.03963
Mallard,H3N8,48.27028,-96.03963
Mallard,H3N8,48.27028,-96.03963
Mallard,H3N8,48.27028,-96.03963
Mallard,H3N8,48.27028,-96.03963
Mallard,H3N8,48.48333,-95.88333
Mallard,H3N8,48.48333,-95.88333
Canvasback,H3N8,48.27028,-96.03963
Gadwall,H3N8,48.27028,-96.03963
Blue-Winged Teal,H3N8,48.95568,-96.20973
Blue-Winged Teal,H3N8,48.95568,-96.20973
Blue-Winged Teal,H3N8,48.95568,-96.20973
Mallard,H3N8,48.4556,-95.953547
Mallard,H3N8,48.4556,-95.953547
Mallard,H3N8,48.4556,-95.953547
Mallard,H3N8,48.4556,-95.953547
Mallard,H3N8,48.4556,-95.953547
Mallard,H3N8,48.4556,-95.953547
Mallard,H3N8,48.4556,-95.953547
Mallard,H3N8,48.4556,-95.953547
Mallard,H3N8,48.4556,-95.953547
Mallard,H3N8,48.4556,-95.953547
Mallard,H3N8,48.4556,-95.953547
Mallard,H3N8,48.4556,-95.953547
Mallard,H3N8,48.4556,-95.953547
Mallard,H3N8,48.4556,-95.953547
Mallard,H3N8,48.4556,-95.953547
Mallard,H3N8,48.4556,-95.953547
Mallard,H3N8,48.4556,-95.953547
Mallard,H3N8,48.4556,-95.953547
Mallard,H3N8,48.4556,-95.953547
Mallard,H3N8,48.958316,-96.100283
Mallard,H3N8,48.958316,-96.100283
Mallard,H3N8,48.958316,-96.100283
Mallard,H3N8,48.398342,-95.996197
Mallard,H3N8,48.92438,-96.20704
Blue-Winged Teal,H3N8,48.48333,-95.88333
Ruddy Turnstone,H3N8,32.0288,-80.85126
Mallard,H3N8,48.4556,-95.953547
Mallard,H3N8,48.4556,-95.953547
Mallard,H3N8,48.4556,-95.953547
Mallard,H3N8,48.4556,-95.953547
Mallard,H3N8,48.4556,-95.953547
Mallard,H3N8,48.4556,-95.953547
Mallard,H3N8,48.4556,-95.953547
Mallard,H3N8,48.4556,-95.953547
Mallard,H3N8,48.4556,-95.953547
Mallard,H3N8,48.92438,-96.20704
Mallard,H3N8,48.92438,-96.20704
Mallard,H3N8,48.92438,-96.20704
Mallard,H3N8,48.92438,-96.20704
Mallard,H3N8,48.92438,-96.20704
Mallard,H3N8,48.92438,-96.20704
Mallard,H3N8,48.92438,-96.20704
Mallard,H3N8,48.92438,-96.20704
American Black Duck,H3N8,48.4556,-95.953547
Mallard,H3N8,48.4556,-95.953547
Mallard,H3N8,48.4556,-95.953547
Mallard,H3N8,48.4556,-95.953547
Mallard,H3N8,48.4556,-95.953547
Mallard,H3N8,48.4556,-95.953547
Gadwall,H3N8,48.294592,-96.030433
Gadwall,H3N8,48.294592,-96.030433
Blue-Winged Teal,H3N8,48.294592,-96.030433
Blue-Winged Teal,H3N8,48.294592,-96.030433
Blue-Winged Teal,H3N8,48.294592,-96.030433
Mallard,H3N8,48.294592,-96.030433
Green-Winged Teal,H3N8,48.294592,-96.030433
Mallard,H3N8,48.294592,-96.030433
Mallard,H3N8,48.294592,-96.030433
Mallard,H3N8,48.294592,-96.030433
Mallard,H3N8,48.294592,-96.030433
Blue-Winged Teal,H3N8,48.398342,-95.996197
Blue-Winged Teal,H3N8,48.398342,-95.996197
Mallard,H3N8,48.4556,-95.953547
Mallard,H3N8,48.48333,-95.88333
Mallard,H3N8,48.48333,-95.88333
Mallard,H3N8,48.39834,-95.9962
Mallard,H3N8,48.92438,-96.20704
Mallard,H3N8,48.92438,-96.20704
Mallard,H3N8,48.92438,-96.20704
Mallard,H3N8,48.92438,-96.20704
Mallard,H3N8,48.92438,-96.20704
Mallard,H3N8,48.92438,-96.20704
Mallard,H3N8,48.92438,-96.20704
Mallard,H3N8,48.92438,-96.20704
Mallard,H3N8,48.92438,-96.20704
Mallard,H3N8,48.92438,-96.20704
Mallard,H3N8,48.92438,-96.20704
Mallard,H3N8,48.92438,-96.20704
Mallard,H3N8,48.92438,-96.20704
Mallard,H3N8,48.92438,-96.20704
Mallard,H3N8,48.92438,-96.20704
Mallard,H3N8,48.92438,-96.20704
Mallard,H3N8,48.92438,-96.20704
Mallard,H3N8,48.48333,-95.88333
Mallard,H3N8,48.48333,-95.88333
Mallard,H3N8,48.48333,-95.88333
Mallard,H3N8,48.48333,-95.88333
Mallard,H3N8,48.92438,-96.20704
Mallard,H3N8,48.92438,-96.20704
Mallard,H3N8,48.92438,-96.20704
Mallard,H3N8,48.92438,-96.20704
Mallard,H3N8,48.92438,-96.20704
Mallard,H3N8,48.92438,-96.20704
Mallard,H3N8,48.92438,-96.20704
Mallard,H3N8,40.38356734,-74.41969644
Mallard,H3N8,40.38356734,-74.41969644
Mallard,H3N8,40.38356734,-74.41969644
Mallard,H3N8,40.38356734,-74.41969644
Green-Winged Teal,H3N8,48.294592,-96.030433
Green-Winged Teal,H3N8,48.294592,-96.030433
Blue-Winged Teal,H3N8,48.4556,-95.953547
Blue-Winged Teal,H3N8,29.773223,-94.688115
Blue-Winged Teal,H3N8,29.773223,-94.688115
Blue-Winged Teal,H3N8,29.6925,-94.628889
Blue-Winged Teal,H3N8,29.6925,-94.628889
Blue-Winged Teal,H3N8,28.97257778,-95.44598333
Blue-Winged Teal,H3N8,28.97257778,-95.44598333
Blue-Winged Teal,H3N8,28.97257778,-95.44598333
Blue-Winged Teal,H3N8,29.773223,-94.688115
Blue-Winged Teal,H3N8,29.773223,-94.688115
Blue-Winged Teal,H3N8,29.773223,-94.688115
Blue-Winged Teal,H3N8,29.773223,-94.688115
Blue-Winged Teal,H3N8,29.773223,-94.688115
Blue-Winged Teal,H3N8,29.773223,-94.688115
Blue-Winged Teal,H3N8,29.773223,-94.688115
Blue-Winged Teal,H3N8,29.773223,-94.688115
Blue-Winged Teal,H3N8,29.9704,-93.360297
Blue-Winged Teal,H3N8,48.48333,-95.88333
Blue-Winged Teal,H3N8,29.9704,-93.360297
Blue-Winged Teal,H3N8,29.6925,-94.628889
Environment,H3N8,48.37030556,-95.91084167
Mallard,H3N8,40.38356734,-74.41969644
Mallard,H3N8,40.38356734,-74.41969644
Mallard,H3N8,40.38356734,-74.41969644
Mallard,H3N8,40.38356734,-74.41969644
Mallard,H3N8,40.38356734,-74.41969644
American Black Duck,H3N8,40.38356734,-74.41969644
Mallard,H3N8,40.38356734,-74.41969644
Mallard,H3N8,48.37030556,-95.91084167
Mallard,H3N8,48.398342,-95.996197
Mallard,H3N8,48.398342,-95.996197
Mallard,H3N8,48.398342,-95.996197
Mallard,H3N8,48.398342,-95.996197
Environment,H3N8,48.398342,-95.996197
Blue-Winged Teal,H3N8,28.97257778,-95.44598333
Blue-Winged Teal,H3N8,28.97257778,-95.44598333
Blue-Winged Teal,H3N8,28.97257778,-95.44598333
Blue-Winged Teal,H3N8,28.97257778,-95.44598333
Blue-Winged Teal,H3N8,28.97257778,-95.44598333
Blue-Winged Teal,H3N8,28.97257778,-95.44598333
Blue-Winged Teal,H3N8,28.97257778,-95.44598333
Blue-Winged Teal,H3N8,29.9704,-93.360297
Ruddy Turnstone,H3N8,39.124431,-74.891447
Ruddy Turnstone,H3N8,39.2367809,-75.1732416
Mallard,H3N8,48.543739,-95.970553
Least Sandpiper,H3N8,28.2336191,-96.9002659
Mallard,H3N8,48.95833,-96.1
Mallard,H3N8,48.95833,-96.1
Mallard,H3N8,48.95833,-96.1
Mallard,H3N8,48.499281,-95.926203
Mallard,H3N8,48.499281,-95.926203
Mallard,H3N8,48.4556,-95.953547
Blue-Winged Teal,H3N8,47.59317,-101.16843
Blue-Winged Teal,H3N8,47.4364017,-102.648513
Mallard,H3N8,48.398342,-95.996197
Mallard,H3N8,48.332253,-96.015942
Mallard,H3N8,48.332253,-96.015942
Mallard,H3N8,48.95833,-96.1
Mallard,H3N8,48.955681,-96.209728
Blue-Winged Teal,H3N8,48.92438,-96.20704
Blue-Winged Teal,H3N8,48.92438,-96.20704
Blue-Winged Teal,H3N8,48.92438,-96.20704
Blue-Winged Teal,H3N8,48.92438,-96.20704
Blue-Winged Teal,H3N8,48.92438,-96.20704
Blue-Winged Teal,H3N8,48.92438,-96.20704
Blue-Winged Teal,H3N8,48.92438,-96.20704
Blue-Winged Teal,H3N8,48.92438,-96.20704
Blue-Winged Teal,H3N8,48.92438,-96.20704
Blue-Winged Teal,H3N8,47.59317,-101.16843
Blue-Winged Teal,H3N8,47.59317,-101.16843
Blue-Winged Teal,H3N8,47.59317,-101.16843
Blue-Winged Teal,H3N8,47.59317,-101.16843
Blue-Winged Teal,H3N8,47.59317,-101.16843
Ruddy Turnstone,H3N8,39.124431,-74.891447
Wood Duck,H3N8,48.4556,-95.953547
Mallard,H3N8,39.26109814,-74.60460584
Blue-Winged Teal,H3N8,29.9704,-93.360297
Redhead,H3N8,29.9704,-93.360297
Green-Winged Teal,H3N8,29.9704,-93.360297
Mallard,H3N8,34.3728788,-91.0898384
Green-Winged Teal,H3N8,29.590067,-94.587819
American Wigeon,H3N8,48.949408,-96.262178
Mallard,H3N8,48.4556,-95.953547
Mallard,H3N8,48.4556,-95.953547
Mallard,H3N8,48.92438,-96.20704
Mallard,H3N8,48.92438,-96.20704
Mallard,H3N8,48.92438,-96.20704
Mallard,H3N8,48.92438,-96.20704
Mallard,H3N8,48.499281,-95.926203
Mallard,H3N8,48.499281,-95.926203
Green-Winged Teal,H3N8,48.955681,-96.209728
Mallard,H3N8,48.398342,-95.996197
Mallard,H3N8,48.499281,-95.926203
Green-Winged Teal,H3N8,48.398342,-95.996197
Shoveler,H3N8,48.270281,-96.039625
Shoveler,H3N8,48.270281,-96.039625
Shoveler,H3N8,48.270281,-96.039625
Shoveler,H3N8,48.270281,-96.039625
Shoveler,H3N8,48.270281,-96.039625
Mallard,H3N8,48.92438,-96.20704
Mallard,H3N8,48.92438,-96.20704
Mallard,H3N8,48.92438,-96.20704
Mallard,H3N8,48.92438,-96.20704
Mallard,H3N8,48.92438,-96.20704
Mallard,H3N8,48.92438,-96.20704
Mallard,H3N8,48.92438,-96.20704
Mallard,H3N8,48.95833,-96.1
Mallard,H3N8,48.92438,-96.20704
Blue-Winged Teal,H3N8,47.59317,-101.16843
Blue-Winged Teal,H3N8,47.59317,-101.16843
Blue-Winged Teal,H3N8,47.59317,-101.16843
Blue-Winged Teal,H3N8,47.59317,-101.16843
Blue-Winged Teal,H3N8,47.59317,-101.16843
Mallard,H3N8,48.270281,-96.039625
Mallard,H3N8,48.270281,-96.039625
Mallard,H3N8,48.270281,-96.039625
Mallard,H3N8,48.270281,-96.039625
Mallard,H3N8,48.270281,-96.039625
Mallard,H3N8,48.270281,-96.039625
Mallard,H3N8,48.270281,-96.039625
Mallard,H3N8,48.270281,-96.039625
Mallard,H3N8,48.270281,-96.039625
Blue-Winged Teal,H3N8,48.48333,-95.88333
Mallard,H3N8,48.270281,-96.039625
Mallard,H3N8,48.270281,-96.039625
Mallard,H3N8,48.270281,-96.039625
Mallard,H3N8,48.270281,-96.039625
Mallard,H3N8,48.270281,-96.039625
Mallard,H3N8,48.270281,-96.039625
Mallard,H3N8,48.270281,-96.039625
Mallard,H3N8,48.270281,-96.039625
Mallard,H3N8,48.270281,-96.039625
Mallard,H3N8,48.270281,-96.039625
Mallard,H3N8,48.270281,-96.039625
Mallard,H3N8,48.270281,-96.039625
Mallard,H3N8,48.270281,-96.039625
Mallard,H3N8,48.270281,-96.039625
Mallard,H3N8,48.270281,-96.039625
Mallard,H3N8,48.270281,-96.039625
Mallard,H3N8,48.270281,-96.039625
Mallard,H3N8,48.270281,-96.039625
Shoveler,H3N8,48.270281,-96.039625
Blue-Winged Teal,H3N8,48.270281,-96.039625
Blue-Winged Teal,H3N8,48.270281,-96.039625
Shoveler,H3N8,48.270281,-96.039625
Shoveler,H3N8,48.270281,-96.039625
Shoveler,H3N8,48.270281,-96.039625
Shoveler,H3N8,48.270281,-96.039625
Shoveler,H3N8,48.270281,-96.039625
Shoveler,H3N8,48.270281,-96.039625
Shoveler,H3N8,48.270281,-96.039625
Shoveler,H3N8,48.270281,-96.039625
Shoveler,H3N8,48.270281,-96.039625
Shoveler,H3N8,48.270281,-96.039625
Shoveler,H3N8,48.270281,-96.039625
Shoveler,H3N8,48.270281,-96.039625
Ruddy Turnstone,H3N8,39.124431,-74.891447
Mallard,H3N8,48.270281,-96.039625
Mallard,H3N8,48.270281,-96.039625
Gadwall,H3N8,48.270281,-96.039625
Mallard,H3N8,48.270281,-96.039625
Mallard,H3N8,48.270281,-96.039625
Mallard,H3N8,48.270281,-96.039625
Green-Winged Teal,H3N8,48.270281,-96.039625
Mallard,H3N8,48.270281,-96.039625
Mallard,H3N8,48.270281,-96.039625
Mallard,H3N8,48.270281,-96.039625
Mallard,H3N8,48.270281,-96.039625
Mallard,H3N8,48.270281,-96.039625
Mallard,H3N8,48.270281,-96.039625
Mallard,H3N8,48.270281,-96.039625
Mallard,H3N8,48.270281,-96.039625
Mallard,H3N8,48.270281,-96.039625
Blue-Winged Teal,H3N8,29.7902,-94.448289
Blue-Winged Teal,H3N8,29.7902,-94.448289
Blue-Winged Teal,H3N8,29.7902,-94.448289
Blue-Winged Teal,H3N8,29.7902,-94.448289
Blue-Winged Teal,H3N8,29.9704,-93.360297
Blue-Winged Teal,H3N8,29.9704,-93.360297
Blue-Winged Teal,H3N8,29.7902,-94.448289
Mallard,H3N8,47.508269,-95.784928
Mallard,H3N8,48.95833,-96.1
Mallard,H3N8,48.95833,-96.1
Mallard,H3N8,48.95833,-96.1
Mallard,H3N8,48.95833,-96.1
Mallard,H3N8,48.96417,-96.17611
Mallard,H3N8,48.35,-95.95
Mallard,H3N8,48.35,-95.95
Mallard,H3N8,48.35,-95.95
Mallard,H3N8,48.35,-95.95
Mallard,H3N8,48.35,-95.95
Mallard,H3N8,48.35,-95.95
Mallard,H3N8,48.35,-95.95
Mallard,H3N8,48.35,-95.95
Mallard,H3N8,48.35,-95.95
Mallard,H3N8,48.35,-95.95
Mallard,H3N8,48.35,-95.95
Mallard,H3N8,48.35,-95.95
Green-Winged Teal,H3N8,29.9704,-93.360297
Mallard,H3N8,48.35,-95.95
Mallard,H3N8,48.35,-95.95
Blue-Winged Teal,H3N8,48.96417,-96.17611
Blue-Winged Teal,H3N8,48.96417,-96.17611
Mallard,H3N8,48.96417,-96.17611
Mallard,H3N8,48.96417,-96.17611
Mallard,H3N8,48.96417,-96.17611
Mallard,H3N8,48.96417,-96.17611
Mallard,H3N8,48.96417,-96.17611
